date,year,month,month_name,quarter,day_of_week,week_number,is_weekend
2016-09-15,2016,9,September,3,Thursday,37,False
2016-09-16,2016,9,September,3,Friday,37,False
2016-09-17,2016,9,September,3,Saturday,37,True
2016-09-18,2016,9,September,3,Sunday,37,True
2016-09-19,2016,9,September,3,Monday,38,False
2016-09-20,2016,9,September,3,Tuesday,38,False
2016-09-21,2016,9,September,3,Wednesday,38,False
2016-09-22,2016,9,September,3,Thursday,38,False
2016-09-23,2016,9,September,3,Friday,38,False
2016-09-24,2016,9,September,3,Saturday,38,True
2016-09-25,2016,9,September,3,Sunday,38,True
2016-09-26,2016,9,September,3,Monday,39,False
2016-09-27,2016,9,September,3,Tuesday,39,False
2016-09-28,2016,9,September,3,Wednesday,39,False
2016-09-29,2016,9,September,3,Thursday,39,False
2016-09-30,2016,9,September,3,Friday,39,False
2016-10-01,2016,10,October,4,Saturday,39,True
2016-10-02,2016,10,October,4,Sunday,39,True
2016-10-03,2016,10,October,4,Monday,40,False
2016-10-04,2016,10,October,4,Tuesday,40,False
2016-10-05,2016,10,October,4,Wednesday,40,False
2016-10-06,2016,10,October,4,Thursday,40,False
2016-10-07,2016,10,October,4,Friday,40,False
2016-10-08,2016,10,October,4,Saturday,40,True
2016-10-09,2016,10,October,4,Sunday,40,True
2016-10-10,2016,10,October,4,Monday,41,False
2016-10-11,2016,10,October,4,Tuesday,41,False
2016-10-12,2016,10,October,4,Wednesday,41,False
2016-10-13,2016,10,October,4,Thursday,41,False
2016-10-14,2016,10,October,4,Friday,41,False
2016-10-15,2016,10,October,4,Saturday,41,True
2016-10-16,2016,10,October,4,Sunday,41,True
2016-10-17,2016,10,October,4,Monday,42,False
2016-10-18,2016,10,October,4,Tuesday,42,False
2016-10-19,2016,10,October,4,Wednesday,42,False
2016-10-20,2016,10,October,4,Thursday,42,False
2016-10-21,2016,10,October,4,Friday,42,False
2016-10-22,2016,10,October,4,Saturday,42,True
2016-10-23,2016,10,October,4,Sunday,42,True
2016-10-24,2016,10,October,4,Monday,43,False
2016-10-25,2016,10,October,4,Tuesday,43,False
2016-10-26,2016,10,October,4,Wednesday,43,False
2016-10-27,2016,10,October,4,Thursday,43,False
2016-10-28,2016,10,October,4,Friday,43,False
2016-10-29,2016,10,October,4,Saturday,43,True
2016-10-30,2016,10,October,4,Sunday,43,True
2016-10-31,2016,10,October,4,Monday,44,False
2016-11-01,2016,11,November,4,Tuesday,44,False
2016-11-02,2016,11,November,4,Wednesday,44,False
2016-11-03,2016,11,November,4,Thursday,44,False
2016-11-04,2016,11,November,4,Friday,44,False
2016-11-05,2016,11,November,4,Saturday,44,True
2016-11-06,2016,11,November,4,Sunday,44,True
2016-11-07,2016,11,November,4,Monday,45,False
2016-11-08,2016,11,November,4,Tuesday,45,False
2016-11-09,2016,11,November,4,Wednesday,45,False
2016-11-10,2016,11,November,4,Thursday,45,False
2016-11-11,2016,11,November,4,Friday,45,False
2016-11-12,2016,11,November,4,Saturday,45,True
2016-11-13,2016,11,November,4,Sunday,45,True
2016-11-14,2016,11,November,4,Monday,46,False
2016-11-15,2016,11,November,4,Tuesday,46,False
2016-11-16,2016,11,November,4,Wednesday,46,False
2016-11-17,2016,11,November,4,Thursday,46,False
2016-11-18,2016,11,November,4,Friday,46,False
2016-11-19,2016,11,November,4,Saturday,46,True
2016-11-20,2016,11,November,4,Sunday,46,True
2016-11-21,2016,11,November,4,Monday,47,False
2016-11-22,2016,11,November,4,Tuesday,47,False
2016-11-23,2016,11,November,4,Wednesday,47,False
2016-11-24,2016,11,November,4,Thursday,47,False
2016-11-25,2016,11,November,4,Friday,47,False
2016-11-26,2016,11,November,4,Saturday,47,True
2016-11-27,2016,11,November,4,Sunday,47,True
2016-11-28,2016,11,November,4,Monday,48,False
2016-11-29,2016,11,November,4,Tuesday,48,False
2016-11-30,2016,11,November,4,Wednesday,48,False
2016-12-01,2016,12,December,4,Thursday,48,False
2016-12-02,2016,12,December,4,Friday,48,False
2016-12-03,2016,12,December,4,Saturday,48,True
2016-12-04,2016,12,December,4,Sunday,48,True
2016-12-05,2016,12,December,4,Monday,49,False
2016-12-06,2016,12,December,4,Tuesday,49,False
2016-12-07,2016,12,December,4,Wednesday,49,False
2016-12-08,2016,12,December,4,Thursday,49,False
2016-12-09,2016,12,December,4,Friday,49,False
2016-12-10,2016,12,December,4,Saturday,49,True
2016-12-11,2016,12,December,4,Sunday,49,True
2016-12-12,2016,12,December,4,Monday,50,False
2016-12-13,2016,12,December,4,Tuesday,50,False
2016-12-14,2016,12,December,4,Wednesday,50,False
2016-12-15,2016,12,December,4,Thursday,50,False
2016-12-16,2016,12,December,4,Friday,50,False
2016-12-17,2016,12,December,4,Saturday,50,True
2016-12-18,2016,12,December,4,Sunday,50,True
2016-12-19,2016,12,December,4,Monday,51,False
2016-12-20,2016,12,December,4,Tuesday,51,False
2016-12-21,2016,12,December,4,Wednesday,51,False
2016-12-22,2016,12,December,4,Thursday,51,False
2016-12-23,2016,12,December,4,Friday,51,False
2016-12-24,2016,12,December,4,Saturday,51,True
2016-12-25,2016,12,December,4,Sunday,51,True
2016-12-26,2016,12,December,4,Monday,52,False
2016-12-27,2016,12,December,4,Tuesday,52,False
2016-12-28,2016,12,December,4,Wednesday,52,False
2016-12-29,2016,12,December,4,Thursday,52,False
2016-12-30,2016,12,December,4,Friday,52,False
2016-12-31,2016,12,December,4,Saturday,52,True
2017-01-01,2017,1,January,1,Sunday,52,True
2017-01-02,2017,1,January,1,Monday,1,False
2017-01-03,2017,1,January,1,Tuesday,1,False
2017-01-04,2017,1,January,1,Wednesday,1,False
2017-01-05,2017,1,January,1,Thursday,1,False
2017-01-06,2017,1,January,1,Friday,1,False
2017-01-07,2017,1,January,1,Saturday,1,True
2017-01-08,2017,1,January,1,Sunday,1,True
2017-01-09,2017,1,January,1,Monday,2,False
2017-01-10,2017,1,January,1,Tuesday,2,False
2017-01-11,2017,1,January,1,Wednesday,2,False
2017-01-12,2017,1,January,1,Thursday,2,False
2017-01-13,2017,1,January,1,Friday,2,False
2017-01-14,2017,1,January,1,Saturday,2,True
2017-01-15,2017,1,January,1,Sunday,2,True
2017-01-16,2017,1,January,1,Monday,3,False
2017-01-17,2017,1,January,1,Tuesday,3,False
2017-01-18,2017,1,January,1,Wednesday,3,False
2017-01-19,2017,1,January,1,Thursday,3,False
2017-01-20,2017,1,January,1,Friday,3,False
2017-01-21,2017,1,January,1,Saturday,3,True
2017-01-22,2017,1,January,1,Sunday,3,True
2017-01-23,2017,1,January,1,Monday,4,False
2017-01-24,2017,1,January,1,Tuesday,4,False
2017-01-25,2017,1,January,1,Wednesday,4,False
2017-01-26,2017,1,January,1,Thursday,4,False
2017-01-27,2017,1,January,1,Friday,4,False
2017-01-28,2017,1,January,1,Saturday,4,True
2017-01-29,2017,1,January,1,Sunday,4,True
2017-01-30,2017,1,January,1,Monday,5,False
2017-01-31,2017,1,January,1,Tuesday,5,False
2017-02-01,2017,2,February,1,Wednesday,5,False
2017-02-02,2017,2,February,1,Thursday,5,False
2017-02-03,2017,2,February,1,Friday,5,False
2017-02-04,2017,2,February,1,Saturday,5,True
2017-02-05,2017,2,February,1,Sunday,5,True
2017-02-06,2017,2,February,1,Monday,6,False
2017-02-07,2017,2,February,1,Tuesday,6,False
2017-02-08,2017,2,February,1,Wednesday,6,False
2017-02-09,2017,2,February,1,Thursday,6,False
2017-02-10,2017,2,February,1,Friday,6,False
2017-02-11,2017,2,February,1,Saturday,6,True
2017-02-12,2017,2,February,1,Sunday,6,True
2017-02-13,2017,2,February,1,Monday,7,False
2017-02-14,2017,2,February,1,Tuesday,7,False
2017-02-15,2017,2,February,1,Wednesday,7,False
2017-02-16,2017,2,February,1,Thursday,7,False
2017-02-17,2017,2,February,1,Friday,7,False
2017-02-18,2017,2,February,1,Saturday,7,True
2017-02-19,2017,2,February,1,Sunday,7,True
2017-02-20,2017,2,February,1,Monday,8,False
2017-02-21,2017,2,February,1,Tuesday,8,False
2017-02-22,2017,2,February,1,Wednesday,8,False
2017-02-23,2017,2,February,1,Thursday,8,False
2017-02-24,2017,2,February,1,Friday,8,False
2017-02-25,2017,2,February,1,Saturday,8,True
2017-02-26,2017,2,February,1,Sunday,8,True
2017-02-27,2017,2,February,1,Monday,9,False
2017-02-28,2017,2,February,1,Tuesday,9,False
2017-03-01,2017,3,March,1,Wednesday,9,False
2017-03-02,2017,3,March,1,Thursday,9,False
2017-03-03,2017,3,March,1,Friday,9,False
2017-03-04,2017,3,March,1,Saturday,9,True
2017-03-05,2017,3,March,1,Sunday,9,True
2017-03-06,2017,3,March,1,Monday,10,False
2017-03-07,2017,3,March,1,Tuesday,10,False
2017-03-08,2017,3,March,1,Wednesday,10,False
2017-03-09,2017,3,March,1,Thursday,10,False
2017-03-10,2017,3,March,1,Friday,10,False
2017-03-11,2017,3,March,1,Saturday,10,True
2017-03-12,2017,3,March,1,Sunday,10,True
2017-03-13,2017,3,March,1,Monday,11,False
2017-03-14,2017,3,March,1,Tuesday,11,False
2017-03-15,2017,3,March,1,Wednesday,11,False
2017-03-16,2017,3,March,1,Thursday,11,False
2017-03-17,2017,3,March,1,Friday,11,False
2017-03-18,2017,3,March,1,Saturday,11,True
2017-03-19,2017,3,March,1,Sunday,11,True
2017-03-20,2017,3,March,1,Monday,12,False
2017-03-21,2017,3,March,1,Tuesday,12,False
2017-03-22,2017,3,March,1,Wednesday,12,False
2017-03-23,2017,3,March,1,Thursday,12,False
2017-03-24,2017,3,March,1,Friday,12,False
2017-03-25,2017,3,March,1,Saturday,12,True
2017-03-26,2017,3,March,1,Sunday,12,True
2017-03-27,2017,3,March,1,Monday,13,False
2017-03-28,2017,3,March,1,Tuesday,13,False
2017-03-29,2017,3,March,1,Wednesday,13,False
2017-03-30,2017,3,March,1,Thursday,13,False
2017-03-31,2017,3,March,1,Friday,13,False
2017-04-01,2017,4,April,2,Saturday,13,True
2017-04-02,2017,4,April,2,Sunday,13,True
2017-04-03,2017,4,April,2,Monday,14,False
2017-04-04,2017,4,April,2,Tuesday,14,False
2017-04-05,2017,4,April,2,Wednesday,14,False
2017-04-06,2017,4,April,2,Thursday,14,False
2017-04-07,2017,4,April,2,Friday,14,False
2017-04-08,2017,4,April,2,Saturday,14,True
2017-04-09,2017,4,April,2,Sunday,14,True
2017-04-10,2017,4,April,2,Monday,15,False
2017-04-11,2017,4,April,2,Tuesday,15,False
2017-04-12,2017,4,April,2,Wednesday,15,False
2017-04-13,2017,4,April,2,Thursday,15,False
2017-04-14,2017,4,April,2,Friday,15,False
2017-04-15,2017,4,April,2,Saturday,15,True
2017-04-16,2017,4,April,2,Sunday,15,True
2017-04-17,2017,4,April,2,Monday,16,False
2017-04-18,2017,4,April,2,Tuesday,16,False
2017-04-19,2017,4,April,2,Wednesday,16,False
2017-04-20,2017,4,April,2,Thursday,16,False
2017-04-21,2017,4,April,2,Friday,16,False
2017-04-22,2017,4,April,2,Saturday,16,True
2017-04-23,2017,4,April,2,Sunday,16,True
2017-04-24,2017,4,April,2,Monday,17,False
2017-04-25,2017,4,April,2,Tuesday,17,False
2017-04-26,2017,4,April,2,Wednesday,17,False
2017-04-27,2017,4,April,2,Thursday,17,False
2017-04-28,2017,4,April,2,Friday,17,False
2017-04-29,2017,4,April,2,Saturday,17,True
2017-04-30,2017,4,April,2,Sunday,17,True
2017-05-01,2017,5,May,2,Monday,18,False
2017-05-02,2017,5,May,2,Tuesday,18,False
2017-05-03,2017,5,May,2,Wednesday,18,False
2017-05-04,2017,5,May,2,Thursday,18,False
2017-05-05,2017,5,May,2,Friday,18,False
2017-05-06,2017,5,May,2,Saturday,18,True
2017-05-07,2017,5,May,2,Sunday,18,True
2017-05-08,2017,5,May,2,Monday,19,False
2017-05-09,2017,5,May,2,Tuesday,19,False
2017-05-10,2017,5,May,2,Wednesday,19,False
2017-05-11,2017,5,May,2,Thursday,19,False
2017-05-12,2017,5,May,2,Friday,19,False
2017-05-13,2017,5,May,2,Saturday,19,True
2017-05-14,2017,5,May,2,Sunday,19,True
2017-05-15,2017,5,May,2,Monday,20,False
2017-05-16,2017,5,May,2,Tuesday,20,False
2017-05-17,2017,5,May,2,Wednesday,20,False
2017-05-18,2017,5,May,2,Thursday,20,False
2017-05-19,2017,5,May,2,Friday,20,False
2017-05-20,2017,5,May,2,Saturday,20,True
2017-05-21,2017,5,May,2,Sunday,20,True
2017-05-22,2017,5,May,2,Monday,21,False
2017-05-23,2017,5,May,2,Tuesday,21,False
2017-05-24,2017,5,May,2,Wednesday,21,False
2017-05-25,2017,5,May,2,Thursday,21,False
2017-05-26,2017,5,May,2,Friday,21,False
2017-05-27,2017,5,May,2,Saturday,21,True
2017-05-28,2017,5,May,2,Sunday,21,True
2017-05-29,2017,5,May,2,Monday,22,False
2017-05-30,2017,5,May,2,Tuesday,22,False
2017-05-31,2017,5,May,2,Wednesday,22,False
2017-06-01,2017,6,June,2,Thursday,22,False
2017-06-02,2017,6,June,2,Friday,22,False
2017-06-03,2017,6,June,2,Saturday,22,True
2017-06-04,2017,6,June,2,Sunday,22,True
2017-06-05,2017,6,June,2,Monday,23,False
2017-06-06,2017,6,June,2,Tuesday,23,False
2017-06-07,2017,6,June,2,Wednesday,23,False
2017-06-08,2017,6,June,2,Thursday,23,False
2017-06-09,2017,6,June,2,Friday,23,False
2017-06-10,2017,6,June,2,Saturday,23,True
2017-06-11,2017,6,June,2,Sunday,23,True
2017-06-12,2017,6,June,2,Monday,24,False
2017-06-13,2017,6,June,2,Tuesday,24,False
2017-06-14,2017,6,June,2,Wednesday,24,False
2017-06-15,2017,6,June,2,Thursday,24,False
2017-06-16,2017,6,June,2,Friday,24,False
2017-06-17,2017,6,June,2,Saturday,24,True
2017-06-18,2017,6,June,2,Sunday,24,True
2017-06-19,2017,6,June,2,Monday,25,False
2017-06-20,2017,6,June,2,Tuesday,25,False
2017-06-21,2017,6,June,2,Wednesday,25,False
2017-06-22,2017,6,June,2,Thursday,25,False
2017-06-23,2017,6,June,2,Friday,25,False
2017-06-24,2017,6,June,2,Saturday,25,True
2017-06-25,2017,6,June,2,Sunday,25,True
2017-06-26,2017,6,June,2,Monday,26,False
2017-06-27,2017,6,June,2,Tuesday,26,False
2017-06-28,2017,6,June,2,Wednesday,26,False
2017-06-29,2017,6,June,2,Thursday,26,False
2017-06-30,2017,6,June,2,Friday,26,False
2017-07-01,2017,7,July,3,Saturday,26,True
2017-07-02,2017,7,July,3,Sunday,26,True
2017-07-03,2017,7,July,3,Monday,27,False
2017-07-04,2017,7,July,3,Tuesday,27,False
2017-07-05,2017,7,July,3,Wednesday,27,False
2017-07-06,2017,7,July,3,Thursday,27,False
2017-07-07,2017,7,July,3,Friday,27,False
2017-07-08,2017,7,July,3,Saturday,27,True
2017-07-09,2017,7,July,3,Sunday,27,True
2017-07-10,2017,7,July,3,Monday,28,False
2017-07-11,2017,7,July,3,Tuesday,28,False
2017-07-12,2017,7,July,3,Wednesday,28,False
2017-07-13,2017,7,July,3,Thursday,28,False
2017-07-14,2017,7,July,3,Friday,28,False
2017-07-15,2017,7,July,3,Saturday,28,True
2017-07-16,2017,7,July,3,Sunday,28,True
2017-07-17,2017,7,July,3,Monday,29,False
2017-07-18,2017,7,July,3,Tuesday,29,False
2017-07-19,2017,7,July,3,Wednesday,29,False
2017-07-20,2017,7,July,3,Thursday,29,False
2017-07-21,2017,7,July,3,Friday,29,False
2017-07-22,2017,7,July,3,Saturday,29,True
2017-07-23,2017,7,July,3,Sunday,29,True
2017-07-24,2017,7,July,3,Monday,30,False
2017-07-25,2017,7,July,3,Tuesday,30,False
2017-07-26,2017,7,July,3,Wednesday,30,False
2017-07-27,2017,7,July,3,Thursday,30,False
2017-07-28,2017,7,July,3,Friday,30,False
2017-07-29,2017,7,July,3,Saturday,30,True
2017-07-30,2017,7,July,3,Sunday,30,True
2017-07-31,2017,7,July,3,Monday,31,False
2017-08-01,2017,8,August,3,Tuesday,31,False
2017-08-02,2017,8,August,3,Wednesday,31,False
2017-08-03,2017,8,August,3,Thursday,31,False
2017-08-04,2017,8,August,3,Friday,31,False
2017-08-05,2017,8,August,3,Saturday,31,True
2017-08-06,2017,8,August,3,Sunday,31,True
2017-08-07,2017,8,August,3,Monday,32,False
2017-08-08,2017,8,August,3,Tuesday,32,False
2017-08-09,2017,8,August,3,Wednesday,32,False
2017-08-10,2017,8,August,3,Thursday,32,False
2017-08-11,2017,8,August,3,Friday,32,False
2017-08-12,2017,8,August,3,Saturday,32,True
2017-08-13,2017,8,August,3,Sunday,32,True
2017-08-14,2017,8,August,3,Monday,33,False
2017-08-15,2017,8,August,3,Tuesday,33,False
2017-08-16,2017,8,August,3,Wednesday,33,False
2017-08-17,2017,8,August,3,Thursday,33,False
2017-08-18,2017,8,August,3,Friday,33,False
2017-08-19,2017,8,August,3,Saturday,33,True
2017-08-20,2017,8,August,3,Sunday,33,True
2017-08-21,2017,8,August,3,Monday,34,False
2017-08-22,2017,8,August,3,Tuesday,34,False
2017-08-23,2017,8,August,3,Wednesday,34,False
2017-08-24,2017,8,August,3,Thursday,34,False
2017-08-25,2017,8,August,3,Friday,34,False
2017-08-26,2017,8,August,3,Saturday,34,True
2017-08-27,2017,8,August,3,Sunday,34,True
2017-08-28,2017,8,August,3,Monday,35,False
2017-08-29,2017,8,August,3,Tuesday,35,False
2017-08-30,2017,8,August,3,Wednesday,35,False
2017-08-31,2017,8,August,3,Thursday,35,False
2017-09-01,2017,9,September,3,Friday,35,False
2017-09-02,2017,9,September,3,Saturday,35,True
2017-09-03,2017,9,September,3,Sunday,35,True
2017-09-04,2017,9,September,3,Monday,36,False
2017-09-05,2017,9,September,3,Tuesday,36,False
2017-09-06,2017,9,September,3,Wednesday,36,False
2017-09-07,2017,9,September,3,Thursday,36,False
2017-09-08,2017,9,September,3,Friday,36,False
2017-09-09,2017,9,September,3,Saturday,36,True
2017-09-10,2017,9,September,3,Sunday,36,True
2017-09-11,2017,9,September,3,Monday,37,False
2017-09-12,2017,9,September,3,Tuesday,37,False
2017-09-13,2017,9,September,3,Wednesday,37,False
2017-09-14,2017,9,September,3,Thursday,37,False
2017-09-15,2017,9,September,3,Friday,37,False
2017-09-16,2017,9,September,3,Saturday,37,True
2017-09-17,2017,9,September,3,Sunday,37,True
2017-09-18,2017,9,September,3,Monday,38,False
2017-09-19,2017,9,September,3,Tuesday,38,False
2017-09-20,2017,9,September,3,Wednesday,38,False
2017-09-21,2017,9,September,3,Thursday,38,False
2017-09-22,2017,9,September,3,Friday,38,False
2017-09-23,2017,9,September,3,Saturday,38,True
2017-09-24,2017,9,September,3,Sunday,38,True
2017-09-25,2017,9,September,3,Monday,39,False
2017-09-26,2017,9,September,3,Tuesday,39,False
2017-09-27,2017,9,September,3,Wednesday,39,False
2017-09-28,2017,9,September,3,Thursday,39,False
2017-09-29,2017,9,September,3,Friday,39,False
2017-09-30,2017,9,September,3,Saturday,39,True
2017-10-01,2017,10,October,4,Sunday,39,True
2017-10-02,2017,10,October,4,Monday,40,False
2017-10-03,2017,10,October,4,Tuesday,40,False
2017-10-04,2017,10,October,4,Wednesday,40,False
2017-10-05,2017,10,October,4,Thursday,40,False
2017-10-06,2017,10,October,4,Friday,40,False
2017-10-07,2017,10,October,4,Saturday,40,True
2017-10-08,2017,10,October,4,Sunday,40,True
2017-10-09,2017,10,October,4,Monday,41,False
2017-10-10,2017,10,October,4,Tuesday,41,False
2017-10-11,2017,10,October,4,Wednesday,41,False
2017-10-12,2017,10,October,4,Thursday,41,False
2017-10-13,2017,10,October,4,Friday,41,False
2017-10-14,2017,10,October,4,Saturday,41,True
2017-10-15,2017,10,October,4,Sunday,41,True
2017-10-16,2017,10,October,4,Monday,42,False
2017-10-17,2017,10,October,4,Tuesday,42,False
2017-10-18,2017,10,October,4,Wednesday,42,False
2017-10-19,2017,10,October,4,Thursday,42,False
2017-10-20,2017,10,October,4,Friday,42,False
2017-10-21,2017,10,October,4,Saturday,42,True
2017-10-22,2017,10,October,4,Sunday,42,True
2017-10-23,2017,10,October,4,Monday,43,False
2017-10-24,2017,10,October,4,Tuesday,43,False
2017-10-25,2017,10,October,4,Wednesday,43,False
2017-10-26,2017,10,October,4,Thursday,43,False
2017-10-27,2017,10,October,4,Friday,43,False
2017-10-28,2017,10,October,4,Saturday,43,True
2017-10-29,2017,10,October,4,Sunday,43,True
2017-10-30,2017,10,October,4,Monday,44,False
2017-10-31,2017,10,October,4,Tuesday,44,False
2017-11-01,2017,11,November,4,Wednesday,44,False
2017-11-02,2017,11,November,4,Thursday,44,False
2017-11-03,2017,11,November,4,Friday,44,False
2017-11-04,2017,11,November,4,Saturday,44,True
2017-11-05,2017,11,November,4,Sunday,44,True
2017-11-06,2017,11,November,4,Monday,45,False
2017-11-07,2017,11,November,4,Tuesday,45,False
2017-11-08,2017,11,November,4,Wednesday,45,False
2017-11-09,2017,11,November,4,Thursday,45,False
2017-11-10,2017,11,November,4,Friday,45,False
2017-11-11,2017,11,November,4,Saturday,45,True
2017-11-12,2017,11,November,4,Sunday,45,True
2017-11-13,2017,11,November,4,Monday,46,False
2017-11-14,2017,11,November,4,Tuesday,46,False
2017-11-15,2017,11,November,4,Wednesday,46,False
2017-11-16,2017,11,November,4,Thursday,46,False
2017-11-17,2017,11,November,4,Friday,46,False
2017-11-18,2017,11,November,4,Saturday,46,True
2017-11-19,2017,11,November,4,Sunday,46,True
2017-11-20,2017,11,November,4,Monday,47,False
2017-11-21,2017,11,November,4,Tuesday,47,False
2017-11-22,2017,11,November,4,Wednesday,47,False
2017-11-23,2017,11,November,4,Thursday,47,False
2017-11-24,2017,11,November,4,Friday,47,False
2017-11-25,2017,11,November,4,Saturday,47,True
2017-11-26,2017,11,November,4,Sunday,47,True
2017-11-27,2017,11,November,4,Monday,48,False
2017-11-28,2017,11,November,4,Tuesday,48,False
2017-11-29,2017,11,November,4,Wednesday,48,False
2017-11-30,2017,11,November,4,Thursday,48,False
2017-12-01,2017,12,December,4,Friday,48,False
2017-12-02,2017,12,December,4,Saturday,48,True
2017-12-03,2017,12,December,4,Sunday,48,True
2017-12-04,2017,12,December,4,Monday,49,False
2017-12-05,2017,12,December,4,Tuesday,49,False
2017-12-06,2017,12,December,4,Wednesday,49,False
2017-12-07,2017,12,December,4,Thursday,49,False
2017-12-08,2017,12,December,4,Friday,49,False
2017-12-09,2017,12,December,4,Saturday,49,True
2017-12-10,2017,12,December,4,Sunday,49,True
2017-12-11,2017,12,December,4,Monday,50,False
2017-12-12,2017,12,December,4,Tuesday,50,False
2017-12-13,2017,12,December,4,Wednesday,50,False
2017-12-14,2017,12,December,4,Thursday,50,False
2017-12-15,2017,12,December,4,Friday,50,False
2017-12-16,2017,12,December,4,Saturday,50,True
2017-12-17,2017,12,December,4,Sunday,50,True
2017-12-18,2017,12,December,4,Monday,51,False
2017-12-19,2017,12,December,4,Tuesday,51,False
2017-12-20,2017,12,December,4,Wednesday,51,False
2017-12-21,2017,12,December,4,Thursday,51,False
2017-12-22,2017,12,December,4,Friday,51,False
2017-12-23,2017,12,December,4,Saturday,51,True
2017-12-24,2017,12,December,4,Sunday,51,True
2017-12-25,2017,12,December,4,Monday,52,False
2017-12-26,2017,12,December,4,Tuesday,52,False
2017-12-27,2017,12,December,4,Wednesday,52,False
2017-12-28,2017,12,December,4,Thursday,52,False
2017-12-29,2017,12,December,4,Friday,52,False
2017-12-30,2017,12,December,4,Saturday,52,True
2017-12-31,2017,12,December,4,Sunday,52,True
2018-01-01,2018,1,January,1,Monday,1,False
2018-01-02,2018,1,January,1,Tuesday,1,False
2018-01-03,2018,1,January,1,Wednesday,1,False
2018-01-04,2018,1,January,1,Thursday,1,False
2018-01-05,2018,1,January,1,Friday,1,False
2018-01-06,2018,1,January,1,Saturday,1,True
2018-01-07,2018,1,January,1,Sunday,1,True
2018-01-08,2018,1,January,1,Monday,2,False
2018-01-09,2018,1,January,1,Tuesday,2,False
2018-01-10,2018,1,January,1,Wednesday,2,False
2018-01-11,2018,1,January,1,Thursday,2,False
2018-01-12,2018,1,January,1,Friday,2,False
2018-01-13,2018,1,January,1,Saturday,2,True
2018-01-14,2018,1,January,1,Sunday,2,True
2018-01-15,2018,1,January,1,Monday,3,False
2018-01-16,2018,1,January,1,Tuesday,3,False
2018-01-17,2018,1,January,1,Wednesday,3,False
2018-01-18,2018,1,January,1,Thursday,3,False
2018-01-19,2018,1,January,1,Friday,3,False
2018-01-20,2018,1,January,1,Saturday,3,True
2018-01-21,2018,1,January,1,Sunday,3,True
2018-01-22,2018,1,January,1,Monday,4,False
2018-01-23,2018,1,January,1,Tuesday,4,False
2018-01-24,2018,1,January,1,Wednesday,4,False
2018-01-25,2018,1,January,1,Thursday,4,False
2018-01-26,2018,1,January,1,Friday,4,False
2018-01-27,2018,1,January,1,Saturday,4,True
2018-01-28,2018,1,January,1,Sunday,4,True
2018-01-29,2018,1,January,1,Monday,5,False
2018-01-30,2018,1,January,1,Tuesday,5,False
2018-01-31,2018,1,January,1,Wednesday,5,False
2018-02-01,2018,2,February,1,Thursday,5,False
2018-02-02,2018,2,February,1,Friday,5,False
2018-02-03,2018,2,February,1,Saturday,5,True
2018-02-04,2018,2,February,1,Sunday,5,True
2018-02-05,2018,2,February,1,Monday,6,False
2018-02-06,2018,2,February,1,Tuesday,6,False
2018-02-07,2018,2,February,1,Wednesday,6,False
2018-02-08,2018,2,February,1,Thursday,6,False
2018-02-09,2018,2,February,1,Friday,6,False
2018-02-10,2018,2,February,1,Saturday,6,True
2018-02-11,2018,2,February,1,Sunday,6,True
2018-02-12,2018,2,February,1,Monday,7,False
2018-02-13,2018,2,February,1,Tuesday,7,False
2018-02-14,2018,2,February,1,Wednesday,7,False
2018-02-15,2018,2,February,1,Thursday,7,False
2018-02-16,2018,2,February,1,Friday,7,False
2018-02-17,2018,2,February,1,Saturday,7,True
2018-02-18,2018,2,February,1,Sunday,7,True
2018-02-19,2018,2,February,1,Monday,8,False
2018-02-20,2018,2,February,1,Tuesday,8,False
2018-02-21,2018,2,February,1,Wednesday,8,False
2018-02-22,2018,2,February,1,Thursday,8,False
2018-02-23,2018,2,February,1,Friday,8,False
2018-02-24,2018,2,February,1,Saturday,8,True
2018-02-25,2018,2,February,1,Sunday,8,True
2018-02-26,2018,2,February,1,Monday,9,False
2018-02-27,2018,2,February,1,Tuesday,9,False
2018-02-28,2018,2,February,1,Wednesday,9,False
2018-03-01,2018,3,March,1,Thursday,9,False
2018-03-02,2018,3,March,1,Friday,9,False
2018-03-03,2018,3,March,1,Saturday,9,True
2018-03-04,2018,3,March,1,Sunday,9,True
2018-03-05,2018,3,March,1,Monday,10,False
2018-03-06,2018,3,March,1,Tuesday,10,False
2018-03-07,2018,3,March,1,Wednesday,10,False
2018-03-08,2018,3,March,1,Thursday,10,False
2018-03-09,2018,3,March,1,Friday,10,False
2018-03-10,2018,3,March,1,Saturday,10,True
2018-03-11,2018,3,March,1,Sunday,10,True
2018-03-12,2018,3,March,1,Monday,11,False
2018-03-13,2018,3,March,1,Tuesday,11,False
2018-03-14,2018,3,March,1,Wednesday,11,False
2018-03-15,2018,3,March,1,Thursday,11,False
2018-03-16,2018,3,March,1,Friday,11,False
2018-03-17,2018,3,March,1,Saturday,11,True
2018-03-18,2018,3,March,1,Sunday,11,True
2018-03-19,2018,3,March,1,Monday,12,False
2018-03-20,2018,3,March,1,Tuesday,12,False
2018-03-21,2018,3,March,1,Wednesday,12,False
2018-03-22,2018,3,March,1,Thursday,12,False
2018-03-23,2018,3,March,1,Friday,12,False
2018-03-24,2018,3,March,1,Saturday,12,True
2018-03-25,2018,3,March,1,Sunday,12,True
2018-03-26,2018,3,March,1,Monday,13,False
2018-03-27,2018,3,March,1,Tuesday,13,False
2018-03-28,2018,3,March,1,Wednesday,13,False
2018-03-29,2018,3,March,1,Thursday,13,False
2018-03-30,2018,3,March,1,Friday,13,False
2018-03-31,2018,3,March,1,Saturday,13,True
2018-04-01,2018,4,April,2,Sunday,13,True
2018-04-02,2018,4,April,2,Monday,14,False
2018-04-03,2018,4,April,2,Tuesday,14,False
2018-04-04,2018,4,April,2,Wednesday,14,False
2018-04-05,2018,4,April,2,Thursday,14,False
2018-04-06,2018,4,April,2,Friday,14,False
2018-04-07,2018,4,April,2,Saturday,14,True
2018-04-08,2018,4,April,2,Sunday,14,True
2018-04-09,2018,4,April,2,Monday,15,False
2018-04-10,2018,4,April,2,Tuesday,15,False
2018-04-11,2018,4,April,2,Wednesday,15,False
2018-04-12,2018,4,April,2,Thursday,15,False
2018-04-13,2018,4,April,2,Friday,15,False
2018-04-14,2018,4,April,2,Saturday,15,True
2018-04-15,2018,4,April,2,Sunday,15,True
2018-04-16,2018,4,April,2,Monday,16,False
2018-04-17,2018,4,April,2,Tuesday,16,False
2018-04-18,2018,4,April,2,Wednesday,16,False
2018-04-19,2018,4,April,2,Thursday,16,False
2018-04-20,2018,4,April,2,Friday,16,False
2018-04-21,2018,4,April,2,Saturday,16,True
2018-04-22,2018,4,April,2,Sunday,16,True
2018-04-23,2018,4,April,2,Monday,17,False
2018-04-24,2018,4,April,2,Tuesday,17,False
2018-04-25,2018,4,April,2,Wednesday,17,False
2018-04-26,2018,4,April,2,Thursday,17,False
2018-04-27,2018,4,April,2,Friday,17,False
2018-04-28,2018,4,April,2,Saturday,17,True
2018-04-29,2018,4,April,2,Sunday,17,True
2018-04-30,2018,4,April,2,Monday,18,False
2018-05-01,2018,5,May,2,Tuesday,18,False
2018-05-02,2018,5,May,2,Wednesday,18,False
2018-05-03,2018,5,May,2,Thursday,18,False
2018-05-04,2018,5,May,2,Friday,18,False
2018-05-05,2018,5,May,2,Saturday,18,True
2018-05-06,2018,5,May,2,Sunday,18,True
2018-05-07,2018,5,May,2,Monday,19,False
2018-05-08,2018,5,May,2,Tuesday,19,False
2018-05-09,2018,5,May,2,Wednesday,19,False
2018-05-10,2018,5,May,2,Thursday,19,False
2018-05-11,2018,5,May,2,Friday,19,False
2018-05-12,2018,5,May,2,Saturday,19,True
2018-05-13,2018,5,May,2,Sunday,19,True
2018-05-14,2018,5,May,2,Monday,20,False
2018-05-15,2018,5,May,2,Tuesday,20,False
2018-05-16,2018,5,May,2,Wednesday,20,False
2018-05-17,2018,5,May,2,Thursday,20,False
2018-05-18,2018,5,May,2,Friday,20,False
2018-05-19,2018,5,May,2,Saturday,20,True
2018-05-20,2018,5,May,2,Sunday,20,True
2018-05-21,2018,5,May,2,Monday,21,False
2018-05-22,2018,5,May,2,Tuesday,21,False
2018-05-23,2018,5,May,2,Wednesday,21,False
2018-05-24,2018,5,May,2,Thursday,21,False
2018-05-25,2018,5,May,2,Friday,21,False
2018-05-26,2018,5,May,2,Saturday,21,True
2018-05-27,2018,5,May,2,Sunday,21,True
2018-05-28,2018,5,May,2,Monday,22,False
2018-05-29,2018,5,May,2,Tuesday,22,False
2018-05-30,2018,5,May,2,Wednesday,22,False
2018-05-31,2018,5,May,2,Thursday,22,False
2018-06-01,2018,6,June,2,Friday,22,False
2018-06-02,2018,6,June,2,Saturday,22,True
2018-06-03,2018,6,June,2,Sunday,22,True
2018-06-04,2018,6,June,2,Monday,23,False
2018-06-05,2018,6,June,2,Tuesday,23,False
2018-06-06,2018,6,June,2,Wednesday,23,False
2018-06-07,2018,6,June,2,Thursday,23,False
2018-06-08,2018,6,June,2,Friday,23,False
2018-06-09,2018,6,June,2,Saturday,23,True
2018-06-10,2018,6,June,2,Sunday,23,True
2018-06-11,2018,6,June,2,Monday,24,False
2018-06-12,2018,6,June,2,Tuesday,24,False
2018-06-13,2018,6,June,2,Wednesday,24,False
2018-06-14,2018,6,June,2,Thursday,24,False
2018-06-15,2018,6,June,2,Friday,24,False
2018-06-16,2018,6,June,2,Saturday,24,True
2018-06-17,2018,6,June,2,Sunday,24,True
2018-06-18,2018,6,June,2,Monday,25,False
2018-06-19,2018,6,June,2,Tuesday,25,False
2018-06-20,2018,6,June,2,Wednesday,25,False
2018-06-21,2018,6,June,2,Thursday,25,False
2018-06-22,2018,6,June,2,Friday,25,False
2018-06-23,2018,6,June,2,Saturday,25,True
2018-06-24,2018,6,June,2,Sunday,25,True
2018-06-25,2018,6,June,2,Monday,26,False
2018-06-26,2018,6,June,2,Tuesday,26,False
2018-06-27,2018,6,June,2,Wednesday,26,False
2018-06-28,2018,6,June,2,Thursday,26,False
2018-06-29,2018,6,June,2,Friday,26,False
2018-06-30,2018,6,June,2,Saturday,26,True
2018-07-01,2018,7,July,3,Sunday,26,True
2018-07-02,2018,7,July,3,Monday,27,False
2018-07-03,2018,7,July,3,Tuesday,27,False
2018-07-04,2018,7,July,3,Wednesday,27,False
2018-07-05,2018,7,July,3,Thursday,27,False
2018-07-06,2018,7,July,3,Friday,27,False
2018-07-07,2018,7,July,3,Saturday,27,True
2018-07-08,2018,7,July,3,Sunday,27,True
2018-07-09,2018,7,July,3,Monday,28,False
2018-07-10,2018,7,July,3,Tuesday,28,False
2018-07-11,2018,7,July,3,Wednesday,28,False
2018-07-12,2018,7,July,3,Thursday,28,False
2018-07-13,2018,7,July,3,Friday,28,False
2018-07-14,2018,7,July,3,Saturday,28,True
2018-07-15,2018,7,July,3,Sunday,28,True
2018-07-16,2018,7,July,3,Monday,29,False
2018-07-17,2018,7,July,3,Tuesday,29,False
2018-07-18,2018,7,July,3,Wednesday,29,False
2018-07-19,2018,7,July,3,Thursday,29,False
2018-07-20,2018,7,July,3,Friday,29,False
2018-07-21,2018,7,July,3,Saturday,29,True
2018-07-22,2018,7,July,3,Sunday,29,True
2018-07-23,2018,7,July,3,Monday,30,False
2018-07-24,2018,7,July,3,Tuesday,30,False
2018-07-25,2018,7,July,3,Wednesday,30,False
2018-07-26,2018,7,July,3,Thursday,30,False
2018-07-27,2018,7,July,3,Friday,30,False
2018-07-28,2018,7,July,3,Saturday,30,True
2018-07-29,2018,7,July,3,Sunday,30,True
2018-07-30,2018,7,July,3,Monday,31,False
2018-07-31,2018,7,July,3,Tuesday,31,False
2018-08-01,2018,8,August,3,Wednesday,31,False
2018-08-02,2018,8,August,3,Thursday,31,False
2018-08-03,2018,8,August,3,Friday,31,False
2018-08-04,2018,8,August,3,Saturday,31,True
2018-08-05,2018,8,August,3,Sunday,31,True
2018-08-06,2018,8,August,3,Monday,32,False
2018-08-07,2018,8,August,3,Tuesday,32,False
2018-08-08,2018,8,August,3,Wednesday,32,False
2018-08-09,2018,8,August,3,Thursday,32,False
2018-08-10,2018,8,August,3,Friday,32,False
2018-08-11,2018,8,August,3,Saturday,32,True
2018-08-12,2018,8,August,3,Sunday,32,True
2018-08-13,2018,8,August,3,Monday,33,False
2018-08-14,2018,8,August,3,Tuesday,33,False
2018-08-15,2018,8,August,3,Wednesday,33,False
2018-08-16,2018,8,August,3,Thursday,33,False
2018-08-17,2018,8,August,3,Friday,33,False
2018-08-18,2018,8,August,3,Saturday,33,True
2018-08-19,2018,8,August,3,Sunday,33,True
2018-08-20,2018,8,August,3,Monday,34,False
2018-08-21,2018,8,August,3,Tuesday,34,False
2018-08-22,2018,8,August,3,Wednesday,34,False
2018-08-23,2018,8,August,3,Thursday,34,False
2018-08-24,2018,8,August,3,Friday,34,False
2018-08-25,2018,8,August,3,Saturday,34,True
2018-08-26,2018,8,August,3,Sunday,34,True
2018-08-27,2018,8,August,3,Monday,35,False
2018-08-28,2018,8,August,3,Tuesday,35,False
2018-08-29,2018,8,August,3,Wednesday,35,False
2018-08-30,2018,8,August,3,Thursday,35,False
2018-08-31,2018,8,August,3,Friday,35,False
2018-09-01,2018,9,September,3,Saturday,35,True
2018-09-02,2018,9,September,3,Sunday,35,True
2018-09-03,2018,9,September,3,Monday,36,False
2018-09-04,2018,9,September,3,Tuesday,36,False
2018-09-05,2018,9,September,3,Wednesday,36,False
2018-09-06,2018,9,September,3,Thursday,36,False
2018-09-07,2018,9,September,3,Friday,36,False
2018-09-08,2018,9,September,3,Saturday,36,True
2018-09-09,2018,9,September,3,Sunday,36,True
2018-09-10,2018,9,September,3,Monday,37,False
2018-09-11,2018,9,September,3,Tuesday,37,False
2018-09-12,2018,9,September,3,Wednesday,37,False
2018-09-13,2018,9,September,3,Thursday,37,False
2018-09-14,2018,9,September,3,Friday,37,False
2018-09-15,2018,9,September,3,Saturday,37,True
2018-09-16,2018,9,September,3,Sunday,37,True
2018-09-17,2018,9,September,3,Monday,38,False
2018-09-18,2018,9,September,3,Tuesday,38,False
2018-09-19,2018,9,September,3,Wednesday,38,False
2018-09-20,2018,9,September,3,Thursday,38,False
2018-09-21,2018,9,September,3,Friday,38,False
2018-09-22,2018,9,September,3,Saturday,38,True
2018-09-23,2018,9,September,3,Sunday,38,True
2018-09-24,2018,9,September,3,Monday,39,False
2018-09-25,2018,9,September,3,Tuesday,39,False
2018-09-26,2018,9,September,3,Wednesday,39,False
2018-09-27,2018,9,September,3,Thursday,39,False
2018-09-28,2018,9,September,3,Friday,39,False
2018-09-29,2018,9,September,3,Saturday,39,True
2018-09-30,2018,9,September,3,Sunday,39,True
2018-10-01,2018,10,October,4,Monday,40,False
2018-10-02,2018,10,October,4,Tuesday,40,False
2018-10-03,2018,10,October,4,Wednesday,40,False
2018-10-04,2018,10,October,4,Thursday,40,False
2018-10-05,2018,10,October,4,Friday,40,False
2018-10-06,2018,10,October,4,Saturday,40,True
2018-10-07,2018,10,October,4,Sunday,40,True
2018-10-08,2018,10,October,4,Monday,41,False
2018-10-09,2018,10,October,4,Tuesday,41,False
2018-10-10,2018,10,October,4,Wednesday,41,False
2018-10-11,2018,10,October,4,Thursday,41,False
2018-10-12,2018,10,October,4,Friday,41,False
2018-10-13,2018,10,October,4,Saturday,41,True
2018-10-14,2018,10,October,4,Sunday,41,True
2018-10-15,2018,10,October,4,Monday,42,False
2018-10-16,2018,10,October,4,Tuesday,42,False
2018-10-17,2018,10,October,4,Wednesday,42,False
